"","description","statusesCount","followersCount","favoritesCount","friendsCount","url","name","created","protected","verified","screenName","location","lang","id","listedCount","followRequestSent","profileImageUrl"
"elmundoes","Cuenta oficial de EL MUNDO -YouTube https://t.co/jzPBZj90EC Acuario de Tokio (üì∑¬†Toru Hanai / Reuters)",206672,3192539,2713,1354,"https://t.co/CmlwMrjZkJ","EL MUNDO",2008-04-18 18:29:25,FALSE,TRUE,"elmundoes","Espa√±a","es","14436030",29492,FALSE,"http://pbs.twimg.com/profile_images/959947259780747265/ez18J78k_normal.jpg"
"ctxt_es","Revista Contexto y Acci√≥n. Periodismo artesano en libertad. SUSCR√çBETE en https://t.co/EWkZTiMtZJ
üßê",167826,111725,59560,4271,"https://t.co/eOkqFwYutq","CTXT",2014-12-08 12:47:29,FALSE,FALSE,"ctxt_es","Madrid, Espa√±a","es","2910853983",2448,FALSE,"http://pbs.twimg.com/profile_images/1041739484029771776/Vcf6-IwF_normal.jpg"
"elespanolcom","Seleccionamos las mejores historias. S√≠guenos tambi√©n en @podium_ee, @cultura_ee, @ciencia_ee, @jaleos_ee, @empresas_ee, @hola_elespanol y @elespanolMARCAS",152605,337631,13993,695,"https://t.co/afj5IYKs7n","El Espa√±ol",2014-12-04 16:09:18,FALSE,TRUE,"elespanolcom","Madrid","es","2905232597",4578,FALSE,"http://pbs.twimg.com/profile_images/1053402501314240513/ffMWi2cq_normal.jpg"
"abc_es","Diario ABC.  Tambi√©n en  https://t.co/8XvlveA4Xv https://t.co/eMYhB26cws https://t.co/SygOv6qIBl https://t.co/NrLBoiGChf",312899,1600669,198,15529,"http://t.co/o4UYlJAuDz","ABC.es",2009-02-02 19:10:35,FALSE,TRUE,"abc_es","Espa√±a","es","19923515",17056,FALSE,"http://pbs.twimg.com/profile_images/1053638435309842432/s75OnwdY_normal.jpg"
"20m","Cuenta oficial de 20minutos, el medio social y ciudadano. Informaci√≥n, an√°lisis y contacto personal con los lectores las 24 horas del d√≠a http://t.co/W3CI8vms",260701,1356940,2557,51061,"https://t.co/nluSd1lV2l","20minutos.es",2009-04-14 09:39:41,FALSE,TRUE,"20m","Spain","es","31090827",14071,FALSE,"http://pbs.twimg.com/profile_images/1013670314285420544/gwCE6EJr_normal.jpg"
"larazon_es","Cuenta oficial del diario LA RAZ√ìN. RT y HT no significan necesariamente acuerdo. http://t.co/bx1x5M7Fvs http://t.co/XbQDicRcA7",231916,437066,20112,2936,"http://t.co/2z32rBuORk","La Raz√≥n",2010-02-09 11:43:20,FALSE,TRUE,"larazon_es","Espa√±a","es","112694236",6119,FALSE,"http://pbs.twimg.com/profile_images/1038331271108341762/TPuwz6wc_normal.jpg"
"LaVanguardia","Twitter oficial de 'La Vanguardia' Informaci√≥n al minuto nacional e internacional",412866,996569,354,522,"https://t.co/ooRL31qYXn","La Vanguardia",2009-09-15 13:56:57,FALSE,TRUE,"LaVanguardia","Barcelona","es","74453123",12479,FALSE,"http://pbs.twimg.com/profile_images/936873783721320448/6Q97S0pp_normal.jpg"
"eldiarioes","Periodismo a pesar de todo. Colabora: Hazte socio -- http://t.co/CZxxz87oU5",172602,934403,202,478,"http://t.co/9SEeSxM6L5","eldiario.es",2012-03-24 19:08:26,FALSE,TRUE,"eldiarioes","","es","535707261",11185,FALSE,"http://pbs.twimg.com/profile_images/1016600645292511232/eYIkIK2s_normal.jpg"
"publico_es","Twitter oficial del Diario P√∫blico. @Memoria_Publica  @TodasPublico @pub_sinmordazas @yoanimal_p @tremending",323511,911238,609,1454,"http://t.co/e28byE7mwZ","P√∫blico",2008-11-27 12:25:43,FALSE,TRUE,"publico_es","Madrid, Spain","es","17676713",14783,FALSE,"http://pbs.twimg.com/profile_images/1048242435682422786/FdzZWHU8_normal.jpg"
"elconfidencial","El diario de los lectores influyentes como t√∫. M√°s noticias en https://t.co/AROvBKZ8M0.",182057,761740,0,182,"http://t.co/nQ52YKyles","El Confidencial",2008-11-07 10:14:52,FALSE,TRUE,"elconfidencial","moderador(@)elconfidencial.com","es","17229160",11063,FALSE,"http://pbs.twimg.com/profile_images/831498645476356097/TVsVGq4W_normal.jpg"
"elperiodico","Informaci√≥n, participaci√≥n y conversaci√≥n con El Peri√≥dico. üó£Ô∏èSi te interesa la pol√≠tica, s√≠guenos en Telegram https://t.co/UJ3Iv2Fjsj",369513,595809,248,18502,"http://t.co/GM34cPn2d4","El Peri√≥dico",2010-10-05 10:56:58,FALSE,TRUE,"elperiodico","Barcelona","es","198829810",6895,FALSE,"http://pbs.twimg.com/profile_images/876802324135653377/s4G6oS9o_normal.jpg"
"lavozdegalicia","136 a√±os informando ‚Ä¢ Facebook https://t.co/vPpj7JodC4 ‚Ä¢ Instagram https://t.co/dZVtLIGsoM",215653,359259,38,166,"https://t.co/CGqAwdjome","La Voz de Galicia",2009-05-08 10:24:54,FALSE,TRUE,"lavozdegalicia","Galicia | Espa√±a","es","38640768",3390,FALSE,"http://pbs.twimg.com/profile_images/826477228670201856/5qBZ2KTh_normal.jpg"
"_infolibre","Informaci√≥n libre e independiente. Apuesta por el periodismo de calidad. ¬°Hazte soci@ y act√∫a!",114716,248467,106,727,"http://t.co/IHDkZjU9ec","infoLibre",2012-06-09 20:04:23,FALSE,TRUE,"_infoLibre","Madrid","es","603884167",4477,FALSE,"http://pbs.twimg.com/profile_images/972036821000605696/wPuPU0Mx_normal.jpg"
"lanuevaespana","La Nueva Espa√±a Digital (LNE.es)",123986,147871,16,590,"http://t.co/5cYJzw5t12","La Nueva Espa√±a",2009-03-05 12:48:27,FALSE,TRUE,"lanuevaespana","Asturias","es","22914352",1685,FALSE,"http://pbs.twimg.com/profile_images/1053525608121147392/xxLDbiVr_normal.jpg"
"heraldoes","Cuenta oficial de Heraldo de Arag√≥n. Sigue toda la informaci√≥n de las tres provincias aragonesas https://t.co/cWG7j6lyDg | https://t.co/tg5Qta82lr",115760,145098,811,1279,"https://t.co/rqrzjqnlMp","Heraldo de Arag√≥n",2008-07-24 13:07:00,FALSE,TRUE,"heraldoes","Arag√≥n, Espa√±a","es","15581283",1922,FALSE,"http://pbs.twimg.com/profile_images/880005509096636418/DLa1QKbl_normal.jpg"
"ElSaltoDiario","Construyendo #UnGranMedio con m√°s de 20 proyectos comunicativos.  Estamos en https://t.co/YliWLoNsZq y publicamos un mensual con siete ediciones.",51203,130097,8312,2103,"https://t.co/YliWLoNsZq","El Salto",2009-11-17 21:37:52,FALSE,FALSE,"ElSaltoDiario","","es","90725961",3508,FALSE,"http://pbs.twimg.com/profile_images/1013736890565095424/1EdgvW6k_normal.jpg"
"nortecastilla","Cuenta oficial del peri√≥dico El Norte de Castilla, l√≠der en Castilla y Le√≥n y Valladolid. Somos el decano de la prensa diaria espa√±ola. Contigo desde 1854.",80168,129385,110,135,"http://t.co/T7EfUZcjlY","elnortedecastilla.es",2009-06-08 11:16:55,FALSE,TRUE,"nortecastilla","Espa√±a","es","45544223",1359,FALSE,"http://pbs.twimg.com/profile_images/875648311646011395/P7n6xnhT_normal.jpg"
"diariovasco","Informaci√≥n de √∫ltima hora y noticias de cultura, deportes, tecnolog√≠a, televisi√≥n...y toda la actualidad de Gipuzkoa, Real Sociedad, Gipuzkoa Basket y SD Eibar",172357,76419,598,882,"https://t.co/GWTNQlsZVB","El Diario Vasco",2008-04-04 17:34:05,FALSE,TRUE,"diariovasco","San Sebastian Spain","es","14304620",1312,FALSE,"http://pbs.twimg.com/profile_images/972010219600359425/oUPn-qlC_normal.jpg"
"ElBaulDeKubrick","Blog de cine de @ElSaltoDiario. En el cine hay muchas respuestas que no quieren que sepas.",9781,3356,920,207,"https://t.co/XSiglXItsH","El Ba√∫l de Kubrick",2014-02-08 11:30:13,FALSE,FALSE,"ElBaulDeKubrick","elbauldekubrick@gmail.com","es","2333340295",75,FALSE,"http://pbs.twimg.com/profile_images/432116279680307200/b0X53b_C_normal.png"
"el_pais","Las noticias m√°s relevantes y la √∫ltima hora, por los periodistas de EL PA√çS. Para informarse y conversar. √önete al sistema de alertas mediante mensaje directo",442218,6723371,1470,776,"https://t.co/0o6oj1LRF2","EL PA√çS",2007-08-06 16:20:09,FALSE,TRUE,"el_pais","Madrid","es","7996082",55843,FALSE,"http://pbs.twimg.com/profile_images/815456059322036224/o_RQNEOh_normal.jpg"
"okdiario","El sitio de los inconformistas. Dirigido por @eduardoinda. S√≠guenos en Facebook: https://t.co/ZDYu3rSJtP.",107171,106488,1569,332,"https://t.co/zqjJoDJ9U7","OKDIARIO",2015-08-25 14:59:51,FALSE,TRUE,"okdiario","","es","3439292716",1386,FALSE,"http://pbs.twimg.com/profile_images/789113773697208320/3LvFvi8Q_normal.jpg"
"El_Plural","La actualidad #pol√≠tica que estabas buscando. ¬°Bienvenido a #ElPlural! Tambi√©n estamos en Facebook: 
https://t.co/CJyYChGnV8",91910,71839,2366,1641,"https://t.co/aCBKIa9s92","El Plural",2010-06-22 10:15:10,FALSE,FALSE,"El_Plural","Espa√±a","es","158313996",2009,FALSE,"http://pbs.twimg.com/profile_images/1017707018138857473/kUt8X2tn_normal.jpg"
"lamarea_com","Periodismo con #AgendaPropia | Editado por una cooperativa | Financiado por gente comprometida como t√∫ | 
Preparando el proyecto #PorTodas: https://t.co/Qz0qcaKJvA",49400,190792,14281,1536,"https://t.co/bYqZxAnI4j","La Marea",2012-03-15 14:25:23,FALSE,TRUE,"lamarea_com","Espa√±a","es","525416576",3511,FALSE,"http://pbs.twimg.com/profile_images/606068585883160576/KbfVUJsO_normal.jpg"
"voz_populi","El valor de ser libres y fiables.",229450,92528,13666,1391,"http://t.co/WetKjD7WLK","Vozp√≥puli",2011-09-06 12:03:38,FALSE,TRUE,"voz_populi","","es","368889720",2700,FALSE,"http://pbs.twimg.com/profile_images/1006562248830144512/xFizZY0L_normal.jpg"
"nuevatribuna","https://t.co/PZnedyTy5H Por un diario independiente y progresista",184665,20106,4119,4077,"http://t.co/ZFtYJr9HLU","nuevatribuna.es #Igualdad",2009-01-02 16:54:01,FALSE,FALSE,"nuevatribuna","Spain","es","18556155",883,FALSE,"http://pbs.twimg.com/profile_images/971074134582194176/79JuxxAh_normal.jpg"
"prnoticias","Medio online especializado en #Medios #Comunicaci√≥n, #Marketing y #Periodismo. S√≠guenos tambi√©n en https://t.co/PBgLCgfan0",146968,78126,5689,1705,"http://t.co/bfO1YJbZ8k","prnoticias",2009-03-31 11:47:52,FALSE,TRUE,"prnoticias","Madrid, Espa√±a","es","27854312",4011,FALSE,"http://pbs.twimg.com/profile_images/881787674121646083/28sl70F7_normal.jpg"
